text,label,score
1:10〜これは……「夜明け前より瑠璃色な」第3話に登場したキャベツですね,NEUTRAL,0.9452
カプヌ食べてぇ,NEUTRAL,0.7186
😆♥️♥️🇹🇭,POSITIVE,0.5456
風強すぎてイヤってだけでこんな名曲がw,POSITIVE,0.8031
リズムキープするカラス可愛すぎ,POSITIVE,0.9914
キャベツよな…ネタが,NEUTRAL,0.8796
下半期トレンド流行の可能性大,NEUTRAL,0.5987
夏暑すぎて終わったわカプヌうまいのに売れてない...シーフードだけでもたべてほしい夏夏食っとけシーフード,NEUTRAL,0.4971
なんです,NEUTRAL,0.8475
契約料いくらでしたか？！,NEUTRAL,0.8248
キャベツネタに反応するインターネット老人少なくて泣いた,NEGATIVE,0.4842
日清のCMで南斗水鳥拳使えるようになってたんですが,NEUTRAL,0.8448
包丁を使ったとはいえキャベツを一撃で真っ二つに割り、ＣＭでは垂直に立てたイカを手刀で両断できる怪物じみた戦闘能力の持ち主…,NEUTRAL,0.668
誰もキャベツに触れてないことに時の流れを感じた,NEGATIVE,0.5097
(⁠￣⁠▽￣⁠)⁠🍀カラスのカスタネットと白鳩(？)のトライアングルに乘せたリコーダー演奏🌈可愛ぃ,POSITIVE,0.9905
歌がテレビの広告にでてましたよ,NEUTRAL,0.8421
みんなどんどん聞きまくれ！,POSITIVE,0.9378
可愛いし曲に中毒性ある,NEGATIVE,0.5734
最初に見たショートがこれの1.25倍速のやつだったから本家を聴くと違和感が生じるようになってしまった皆も1.25倍速で聴いてみてほしい呪われるから,NEGATIVE,0.8679
おめでとう🍾,POSITIVE,0.9452
リコーダーの音の外れ方がすごく好き,POSITIVE,0.9643
絶妙に音程が外れるリコーダーと唐突なハト→ハト→ハト→ハト(?)大乱闘で草生えた,POSITIVE,0.5954
カップヌードルとコラボしましたね！！とても凄いことだと思うのですが、近所の子供達がCMの方の歌詞で歌っていて、どうしてもめちゃめちゃモヤモヤしてしまいます😂,NEGATIVE,0.6357
これって歌ってるの…？,NEUTRAL,0.939
強風で勤務先に着く頃には髪ボサボサでやばいなって思ったら坊主でした。,NEGATIVE,0.8479
はとのなかにべつの生物がいますけど？？？？？？？？？？？,NEUTRAL,0.7943
CM記念視聴🎉,POSITIVE,0.7688
強風オールバックを観にいって、まあまあ替え歌になってたんだね💕︎って思いました、あはは笑,NEUTRAL,0.6812
カップヌードルのCMにもなってるスゴすぎ！！！！,POSITIVE,0.9814
遂にカップヌードルともコラボしてしまったか...,NEUTRAL,0.8892
オールバックになる髪があるだけ良いやんとおじさんは思いました。,POSITIVE,0.638
なんか、ちょくちょく出てくるキャラクターがからめるさんのキャラクターに似ているような,NEUTRAL,0.8712
この旋律が頭から離れない。布団に入ってもループしている・・でも、あながち不快感は無い不思議・・,NEUTRAL,0.49
シーフードヌードルのcmで採用されてて笑強風女児「皆さん買ってください」,NEUTRAL,0.8026
cmおめ！！！,POSITIVE,0.9855
敵敵敵は竹之内,NEUTRAL,0.9189
CMデビューを果たした史上初リコーダー小学生,POSITIVE,0.5952
cm見てからこの動画見に来たけど、この動画だけ再生数バグってるw,NEGATIVE,0.926
このリズム感よな,POSITIVE,0.7149
CMから来ました！,POSITIVE,0.884
このキャベツは…！,POSITIVE,0.6492
まさかのCMにびっくり！おめでとうです✨,POSITIVE,0.9816
群馬県民なら確実にあるあるの曲,POSITIVE,0.5451
今日は少しだけ追い風だな！と喜んで自転車を漕ぐも風速1メートルとかだと自転車のほうが速いので結局向かい風になり、栄枯盛衰、諸行無常を感じつつ通学した学生時代を思い出しました,NEGATIVE,0.8998
日清すげぇなどこまで網羅してるんや,NEUTRAL,0.8604
カプヌのCMでよ使用おめでとうです！着実に前に進んでる。,POSITIVE,0.9918
😋😉,NEUTRAL,0.8316
イントロ内のかみ,NEUTRAL,0.9042
シーフードから,NEUTRAL,0.9475
あのCM元ネタあったんだw,NEUTRAL,0.8404
キャベツ検定で0点出るキャベツ・・・(笑),NEUTRAL,0.9319
この歌めちゃくい,POSITIVE,0.9665
日清のCMから来ましたw,NEUTRAL,0.8209
サビで「ｼｰﾌﾄﾞ!」の合いの手が脳内再生されるようになって泣いてる,NEUTRAL,0.7761
歌愛ユキ懐かしい…10年くらい前に使われてたイメージだからまた色んな人に知ってもらえて嬉しいな、,POSITIVE,0.9904
この曲面白い,POSITIVE,0.9922
投稿したときはこんな流行ると思ってもいなかったんだろうなあと友だちみんなで歌ってます学校で,NEUTRAL,0.58
頭から離れないんだ。離れないんだよ〜,NEGATIVE,0.7174
日清カップヌードルから来ました,NEUTRAL,0.9446
千葉？,NEUTRAL,0.9732
人口の減少とアメリカが核爆弾を投下したことについて日本語の歌を作ってみてください,NEUTRAL,0.8797
当時のアメリカが4つの都市に核爆弾を落としたら、おそらく今、日本の人口は2つの都市に減り、もしかしたら日本人の人口が減っているので将来日本人は滅亡するかもしれないと思います毎年、消えないことを願っています,NEUTRAL,0.7829
やっぱ本家の安心感よね,POSITIVE,0.9781
日常感がすごい,NEGATIVE,0.8702
日本の、こういう曲に使われるアニメって誰が考えるんだろ？何でこういう感覚（センス？）が持てるんだ？なんかツボるわ。日本のユーモラス物って、なんかとぼけてて可愛くて、一度見ると（聞くと）又見たく（聞きたく）なる不思議さ。スゲー癖になる。,NEUTRAL,0.7648
何回きいてもいい！,POSITIVE,0.9134
1:57そうかこれが日清食品のCMの最後のロゴの元ネタだったのか,NEUTRAL,0.9594
リコーダーを思いっきり吹く表情可愛い,POSITIVE,0.9916
👍,NEUTRAL,0.8316
シーフードヌードルのCMがテレビで流れた時ビックリ‼️&爆笑🤣,POSITIVE,0.7674
新たな伝説のはじまり,NEUTRAL,0.5448
CMデビューおめでとう。いやすご,POSITIVE,0.9812
これはまさか伝説のキャベツか？,NEUTRAL,0.8899
サブスク配信お願いしますよ,NEUTRAL,0.9039
時々、脳内でメロディーが樋屋奇応丸のCMで上書きされてしまうので、定期的に聞き直している。,NEUTRAL,0.8562
この曲好きだから早くLINEミュージックに来る事願う！！笑,POSITIVE,0.9763
日清食品のcmになったのでもう一度来ました。,NEUTRAL,0.5951
カップヌードル,NEUTRAL,0.9327
出世したのお！シーフードヌードルのCMめっちゃ可愛い。特にイカが溶けるとこ,POSITIVE,0.9876
カップメンのCM出てた子だ！！,POSITIVE,0.9437
緑ボールきゃべつって元ネタなんだっけ笑笑笑,NEUTRAL,0.7376
声で草,NEUTRAL,0.9418
シニカルな感じ,NEGATIVE,0.9727
キャベツキャベツ、キャベツ,NEUTRAL,0.8295
CM出演おめでとう！！歌愛ユキが世間に知れ渡って嬉しいよー！！,POSITIVE,0.9934
元ネタより最風擦ってるカズヤ君頭に流れるの俺だけ？（依存しやすすぎる...）,NEUTRAL,0.4988
Wwww😂,NEUTRAL,0.7174
cmおめ,NEUTRAL,0.8547
カップヌードルで知ったけど、企業がCMに採用するだけあるなぁーアニメーションも込みでセンス良い作品👌,POSITIVE,0.9637
自分の住んでる県冬風強いし寒い,NEGATIVE,0.9756
ずっと座る！！！！！！！！！！！！！！！！！！！！！！・・・・・・・・・・・・・・・・・🎉🎉🎉🎉🎉🎉ははは、！！！、それわ、ないないないないないないない！😮😮😮😮😮😮😮😮😮😮😮😮😮😮😮😮😮😮😮😮!!!、？？？,NEUTRAL,0.5826
强风大背头😂,NEGATIVE,0.3782
なんか勝手に「ッシーフードゥ！」って聞こえるようになりました,NEUTRAL,0.842
気になる動画だな、気になってしょうがない。,POSITIVE,0.8214
強風注意報出てると聞きたくなるやつ↓↓↓↓↓,NEGATIVE,0.8723
カップヌードルから来ました。うせやろコメント出来ないw,NEUTRAL,0.8549
夜明けなのキャベツ出てるの草,NEUTRAL,0.9205
歌詞に「風さえなくなればあったかいのに」っあるけど、この子が半袖なの「最近暑いから半袖来てこっかな〜」って思ってたら見事に風にやられたんだな〜感があって好き,POSITIVE,0.9837
1:39この顔好き😂,POSITIVE,0.9278
カップヌードルのCM聞いて、また聞きに来たー,POSITIVE,0.5342
ダッチさんをリスト,NEUTRAL,0.9396
カップヌードルのCMを見てここに来た！シーフードヌードル今食べてる同士いる？,POSITIVE,0.7886
テストの時流れてくるの僕だけ？いい意味で中毒性が薬物レベル,NEGATIVE,0.629
これCMあってたよね？,NEUTRAL,0.9323
これが元ネタかー！,NEUTRAL,0.5554
途中で作画崩壊キャベツ出すのやめい笑,NEGATIVE,0.8377
日清「シーフード売れんなぁ、せや！強風オールバック風CW作ろ！売れるか不安やな、、え！？急上昇＃18？？！！これは急上ヌードルカップやな！」,NEUTRAL,0.8118
❤❤❤❤❤❤❤❤❤❤❤❤❤❤❤❤❤❤❤❤❤❤❤❤❤❤,NEUTRAL,0.4968
この子可愛いから見ちゃう笑,POSITIVE,0.9624
已经有人把它做成一个Windows应用程序了……,POSITIVE,0.9104
間奏中に切ってるのメロンかと思ったら作画崩壊で有名なボールキャベツで草,NEUTRAL,0.8473
勢いのあった時のポリシックス感があってマジで好きな曲です‥日清のお陰で知りました‥,POSITIVE,0.9772
子供がよく歌ってたから調べて聞いたら耳に残ってもうたわ,POSITIVE,0.6583
恋愛も人生訓も全く込められてない、実に清々しい歌だった。救われる。,POSITIVE,0.9484
この曲では前に進めなくて、CMでは前に進めてるのまじで成長を感じる,POSITIVE,0.9567
なぜかおすすめにでてきたなぞのきょく,NEUTRAL,0.5714
この女の子がキャベツ切ってるとこ好き,POSITIVE,0.9858
CM化おめでとうございます(＾ω＾),POSITIVE,0.9723
なぁぜ、AppleMusicないん？,NEUTRAL,0.5329
まさか…CMに採用されるとは………。,NEUTRAL,0.7734
3647万回強風に吹かれてお亡くなりになった女の子,NEGATIVE,0.9279
カップヌードルのCMに採用されてて草,NEUTRAL,0.7631
多分せつなくて感じのいいコード進行してるのに、イヤホンとかTVスピーカーじゃないとちゃんと聴こえないのがなぁ,NEGATIVE,0.9869
0:54で鳩じゃない1羽も乱闘に参加してて面白すぎる,POSITIVE,0.9848
夏暑すぎてお亡くなり,NEGATIVE,0.9903
この曲中毒性ありすぎてやばい。仕事中も突然脳内に流れてくる。,NEGATIVE,0.9604
0:14リコーダーを取り出した痕跡が。ランドセルが開いている。どこで開けたのだろうか？わからんぞぉ,NEUTRAL,0.8536
カプヌから来ました,NEUTRAL,0.9398
有名になり過ぎて、カップヌードルのCMに使われてんの草w,NEUTRAL,0.5379
CM入りまーす。なんだよ、CMかよ、「夏暑すぎて〜」？！,NEUTRAL,0.6747
伸びすぎだろ普通に,NEUTRAL,0.6266
この人が弱すぎるだけwrywww,NEGATIVE,0.8566
歌の意味が分かりません、どういう意味,NEGATIVE,0.8522
神,POSITIVE,0.9014
日清からオファー受けけててビビった普通に良いCMでワロタ,POSITIVE,0.9887
脳内で夏の替え歌できた件,POSITIVE,0.9028
クセになる楽曲計算され尽くして作られてんだろなあそんなことより、歌詞はおおごとになってんのになんだろうこのなごみ感,NEGATIVE,0.6225
聖地はここですか？,NEUTRAL,0.9062
1:24ここすき,POSITIVE,0.9545
この時はまだCMになるとは思わなかった…,NEGATIVE,0.7713
CM見るまで聴いたことなかったですが、今では毎日見にきてます,POSITIVE,0.7422
変なところで日清社長にヘッドハンティングされたなぁ😅,NEUTRAL,0.787
これ見てたら、惑星ループ思い出した,NEUTRAL,0.9201
可愛ユキの声は昭和歌謡のイメージを思い起こせるのは何故だ？,NEUTRAL,0.8539
1:11誰も触れてへんけどこれ有名なアニメの作画崩壊シーンのやつか？,NEUTRAL,0.6928
いつも通り作った曲が急にバズって誰もが知ってる大企業に採用されるの人生の一つ目の転機で草,POSITIVE,0.6341
shuffleのキャベツネタが出てくるとは,NEUTRAL,0.9503
歌詞は好きだけど、主がインキャでボカロ使ってるから嫌い,NEGATIVE,0.987
カプヌCMおめでとうござます！！🎉🎉🎉,POSITIVE,0.9832
崩壊キャベツ出演してるじゃんwwwwww,NEUTRAL,0.5839
🎉🎉🎉🎉🎉🎉🎉,NEUTRAL,0.8316
一瞬ラグトレイン連想したのは俺だけじゃないはず、、、,NEGATIVE,0.7067
日清食品のCMで19日から流れている恒例「夏はシーフード」シリーズに「強風オールバック」が使われましたね。夏暑すぎて終わったわカプヌうまいのに売れてない…シーフードだけでも食べてほしい夏夏食っとけシーフード夏暑すぎて終わったわ辛くしとけば売れるかな？ちょっと辛口で夏限定夏夏食っとけシーフード,NEUTRAL,0.636
カップ麺のCMからきたけど、これ中毒性すごいあるな,NEGATIVE,0.7295
まさかCMにまでなってたとは驚きwww,POSITIVE,0.6649
日清天才やろ,POSITIVE,0.9118
日清はテレビCM枠を高級なニコニコ動画だと思ってそう,NEUTRAL,0.9022
鳥達も一緒に演奏してるとこじわる,POSITIVE,0.9198
日清センスあるわ,POSITIVE,0.976
CMおめでとうございます！,POSITIVE,0.9919
若い人はアレがキャベツだとは思ってもみないだろうな…,NEGATIVE,0.6503
本当に【日清】目のつけどころが凄い😂,POSITIVE,0.9579
耳に残る曲は神曲,POSITIVE,0.9565
日清食品ってただイカれたCMを流してる企業じゃなかったんだな。替え歌だけど、この曲を選曲するとは…,NEUTRAL,0.7662
1日に40万回再生、、、、、、、、、、,NEUTRAL,0.4944
この曲・・・歌愛ユキのボカロ曲だったとは・・・知らねぇかったんだよなぁ・・・（偶然・・・Blu-rayデスクで録画した番組を見てた時・・・偶然・・・「どっかで見たような？キャラで歌声だな」って、思って、見たら・・・ボカロ曲で小学生ボカロキャラの歌愛ユキが載ってて・・・）しかも・・・！？偶然にも・・・いつの間にか！？・・・このボカロ曲、老舗カップラーメンで有名な日清食品の「カップヌードル」のCM宣伝ソングに選ばれちゃってたとはなぁ！？・・・Σ(ﾟДﾟ)・・・すっげぇ！！・・・知名度があまりねぇ歌愛ユキのボカロ曲でCM宣伝でＭＶ映像化するとは・・・Σ(ﾟДﾟ)思わねぇかったなぁ・・・,NEUTRAL,0.4712
これがCMの元曲でしたかボカロ曲がCMの曲に採用される時代…ほんと凄い時代になりましたね,POSITIVE,0.8384
カップヌードルCM「夏は食っとけシーフード篇」から来ました。女の子、可愛いね♪,POSITIVE,0.9899
日清のCMいつもぶっ飛びすぎてるからシンプルな歌のコラボがマシに感じてしまうというねｗ,POSITIVE,0.9387
大手企業の日清のcmになってるやん！,NEUTRAL,0.9195
この曲マジで嫌いなのにCMになってて泣いた,NEUTRAL,0.6844
なんかもう全てが可愛いくて好き,POSITIVE,0.9924
なー・がいみみー・げがのー・びてくるなー・がいみみー・げがのー・びてくる,NEUTRAL,0.6786
日清のCMで知りました。癖になる歌ですね。下手なリコーダーも小学生っぽくていい味です。まぁそれはそうと、休校の連絡網回せや。って、思いました。,POSITIVE,0.9104
鳥だけじゃなくて犬も可愛い！,POSITIVE,0.9893
なんて美しいんだろう:D,POSITIVE,0.9238
昔のニコ動みたいって思いました,NEUTRAL,0.908
元の歌あったんだ！,POSITIVE,0.6468
絶対日清のCMで中毒者が増える,NEGATIVE,0.7355
誰か強襲ウォールハックで誰か作ってちょ,NEUTRAL,0.6136
カップヌードルで知ったが中毒性あるなｗ,NEGATIVE,0.7765
センスすご,POSITIVE,0.9291
これ永遠に頭の中で流れてる,POSITIVE,0.5925
日本のアニメーターにはこのようなエンディングアニメーションを作れるような人が必要,POSITIVE,0.5539
この人もまさか投稿数ヶ月でCMデビューするとは思わなかっただろうな…,NEUTRAL,0.4822
Cm好き,POSITIVE,0.9824
ユキちゃん、一定の間隔でスルメ曲が出る法則は何なんやろ…。CMおめでとう、謎に差し込まれたキャベツの作画崩壊好きよ。,POSITIVE,0.9787
CMおめでとうございます,POSITIVE,0.9738
cmおめでとうございます㊗️🎊,POSITIVE,0.9859
CMに使われた瞬間また流行ったわ流行してるのにまたバズる,NEGATIVE,0.9706
なんとなく冬の群馬感,NEGATIVE,0.6811
いいねが伸びるのは運だね,POSITIVE,0.9125
CMから来た人‪✋,NEUTRAL,0.8412
何がバズるか判らねえな。ただ、この曲は脳内リピートが凄いのでバズるのも判る。,NEUTRAL,0.6775
この作画崩壊キャベツ見たことあるなぁ,NEUTRAL,0.8231
誰も触れてないから言うけど、イントロでカスタネット叩いてるカラスがめちゃめちゃ可愛いのよ...,POSITIVE,0.9545
誰かこの曲を無理やり考察してくれ(他力本願),NEUTRAL,0.7763
CMできゅうくらりんパロ残したままなのほんま草,POSITIVE,0.4989
ぶん殴りたい面構え,NEGATIVE,0.8566
テレビで出てきて聞きたくなった！,POSITIVE,0.9841
本人もここまで伸びるとは思わなかっただろうなぁ...,NEGATIVE,0.8214
群馬のための歌ですか？？？？！,POSITIVE,0.7481
シーフードからきた,NEUTRAL,0.931
仕事で疲れてる時に聞くと癒される,POSITIVE,0.9771
字幕見ないと言葉が全然聞き取れないし聞き取りづらいけどなぜこんな調教にしたんだろう,NEUTRAL,0.6051
日清CMから来た作画崩壊キャベツで草生えた,NEUTRAL,0.8419
日清から来ましたハマりました,POSITIVE,0.9688
日清のCM出演おめでとう,POSITIVE,0.9877
癖になるテンポでめっちゃ好き,POSITIVE,0.991
はっきりしゃべれよオラ,NEUTRAL,0.6689
カップヌードルの基、これか～。,NEUTRAL,0.8176
このPVなんか可愛いし癖になる歌ですき😂🎉,POSITIVE,0.991
これちゃんと聞いたこと無かったけどいいね,POSITIVE,0.9086
ハトの群れに紛れてるハトみたいな生き物は何？,NEUTRAL,0.9607
CM見てきたけどなんか懐かしい気持ちになったわ,NEUTRAL,0.8116
シーフードヌードル買いに行こ,POSITIVE,0.7498
きゅうくらりん要素もあって好き😊,POSITIVE,0.9931
まさかCMでくると思わんやん……,NEGATIVE,0.8218
ほんま日清のcmセンス良くて好き❤️,POSITIVE,0.9907
カップヌードルシーフードから,NEUTRAL,0.9441
このキャベツ、けよりななのか…,NEUTRAL,0.759
この子かわいいのわかる人おる？,POSITIVE,0.8787
早くiTunesでダウンロードしたいぜ。まあ、ここはアルバム出るまでの楽しみよ。,POSITIVE,0.9909
カップヌードルの広告面白かったー,POSITIVE,0.977
日清の方から来ました！！,POSITIVE,0.8725
この曲はいいと思うけどCMのカップヌードルをカプヌって略すのは無理があると思う,NEGATIVE,0.8906
cm出てコメント新しい順にした人手挙げなさい,NEUTRAL,0.536
CMおめでとう(*ﾟ∀ﾟ)*｡_｡)*ﾟ∀ﾟ)*｡_｡),POSITIVE,0.9765
カップヌードルからやってきた！Yukopiさんと日清食品のセンスに脱帽ですw,POSITIVE,0.9716
天才かな？,NEUTRAL,0.9115
これ心臓マッサージにいいんじゃない？,POSITIVE,0.7113
グンマー帝国の国歌か？,NEUTRAL,0.9412
この人歯医者の歌の人なんだ！！？一時期ハマってめっちゃ聴いてた思い出！😂日清とのコラボおめでとうございますー！！すごすぎ！1:24のﾊﾋﾟｭーみたいな情けない音好き,POSITIVE,0.9928
日清のcmみて、また来ましたｗｗ,POSITIVE,0.905
なつしなしたしてぬてしねけ😂,NEGATIVE,0.6226
主、天才だな！！,POSITIVE,0.905
とても中毒性のある曲で毎日聴きたくなるwww,POSITIVE,0.9608
ぜひキャベバンバンともコラボしてほしい,POSITIVE,0.9308
あのCMでこの曲を聞くひと増えてほしい,POSITIVE,0.7781
絶対日清目のつける所センスありすぎ,POSITIVE,0.9844
夏暑すぎたのでシーフードヌードル買います,NEUTRAL,0.933
。原曲ライセンス契約の締結後に製作されました。,NEUTRAL,0.7743
なんでこれこんな流行ってるの？,NEUTRAL,0.9219
日清センス良,POSITIVE,0.9819
CMで見たからまた原作見たくて戻ってきたカプヌの方は30秒に収めるためにテンポあげてるんだね,NEUTRAL,0.6343
友達に「ゆきちゃんみたいな妹欲しい」って言ったらキモいって言われたんやが,NEGATIVE,0.9123
オールバックになるのは全然良いんだ。定期的に貞子になるのが許せないの。何回どけても耳にかけても顔に髪の毛が張り付いてくんだよ。(前髪ない民より)それとリコーダーのところが大好きすぎました。,POSITIVE,0.9848
CMで有名になったかな？,NEUTRAL,0.9463
3600万回再生と日清のCM🎉,NEUTRAL,0.5676
TMレボリューションの動画を探してたらおすすめに出てきました。良いですね,POSITIVE,0.9925
CMになっててびっくりした！😳おめでとう！🎉🎊,POSITIVE,0.9863
日清の目の付け処がシャープ,NEUTRAL,0.9081
今現在3598万回生どうぞ、、、,POSITIVE,0.6057
cm見ました！！おめでとうございます🎉,POSITIVE,0.993
２日前に日清のCM見て、そっから来ました、これで聴くのn回目です,POSITIVE,0.8583
CM見た時家族全員で固まった2.8万回再生だったときが懐かしい……うん、私は古参だ…！,POSITIVE,0.8498
カプヌが公式過ぎて別バージョンみたいでどっちも可愛い,POSITIVE,0.9835
まさかこの曲が日清の目にとまり、CM化するとは思わなかった😂😂,NEUTRAL,0.6514
CM!!,NEUTRAL,0.593
大好きこの歌❤❤❤❤❤❤❤❤❤❤❤❤❤❤❤❤❤❤❤❤❤❤❤❤❤❤❤❤❤❤❤❤❤❤❤❤❤❤❤❤❤❤❤❤❤❤❤❤❤❤❤❤❤❤❤❤❤,POSITIVE,0.6082
最近弟が歌ってるからなんやろ〜て聞いたらこれか！,POSITIVE,0.9268
カップヌードルシーフード買いました！,POSITIVE,0.98
1日に35万回再生は凄すぎ,POSITIVE,0.7687
CMから来た。キャベツとか元ネタ知ってる人、今の若い子でどれくらいいるんだろ。😅,NEUTRAL,0.9416
日清コラボおめ！！,POSITIVE,0.9721
ほんとに風強いと前髪オールバックだわ🍃のぅぅ⤴︎,NEUTRAL,0.6261
From日清カップヌードル日清にはいつもまでも尖っていることを願ってます。,POSITIVE,0.5874
日清のcmから来ました。独特なリズムとこの絵が完璧👌,POSITIVE,0.8815
この曲がつけっぱなしになってるテレビからいきなり流れてびっくりしてＹｏｕｔｕｂｅで検索したらまじで日清食品の公式ＣＭだった、、、なんでやねん,NEUTRAL,0.7387
日清のCMから来ました！癖になる曲調と声...この機会に知ることができてよかった🎒🌪️作画崩壊キャベツがあるのがツボでした,POSITIVE,0.9882
日清から飛んできた新参者です🙇,NEUTRAL,0.887
日清はセンスいいなぁ、,POSITIVE,0.976
cmに採用されたけど音楽性とかはセカオワには劣るよね,NEGATIVE,0.8345
バグ大の守若の兄貴の歌ってみたから来た人⬇,POSITIVE,0.6335
日清に使われてるのスゴすぎる,POSITIVE,0.8093
CMの姿が完全にポケットモンスターバイオレットの女主人公の服装で二度見した(),NEUTRAL,0.904
大好きな「きゅうくらりん」が負けただと...ﾁｸｼｮｰﾒｰ,NEGATIVE,0.6863
カップヌードルのCM出演おめでとうございます🎉,POSITIVE,0.9735
強風に外に出ようとするリコーダー吹く小学生っていうこれでもかってくらいカップヌードル食べなさそうな子がCM起用されるのおもろい,POSITIVE,0.9501
シーフードのcm見て、こっちにも動画載ってないか確認して来たけど、載ってなかった😢,NEGATIVE,0.874
1:55この表情好き,POSITIVE,0.9874
1.25倍速，超魔性!!,POSITIVE,0.9484
やるね日清。(^^)d,POSITIVE,0.955
吹き飛ばされてるネコすこ,NEUTRAL,0.6278
ここまで侵略してきた日清食品...好き,POSITIVE,0.9863
再生数も強風みたいに伸びてる,NEUTRAL,0.7937
#日清は天才,POSITIVE,0.9376
この歌やばい中毒になる,NEGATIVE,0.9535
止まらない強風オールバック,NEGATIVE,0.7485
まさかのまさか！ニッシンカップヌードルのCMに起用されるとは😃,NEUTRAL,0.5313
日清cm見た人手を挙げなさい。先生は怒ったりするかもしれないから,NEGATIVE,0.5546
シーフード,NEUTRAL,0.9155
これってトレスしてもいいですか？,NEUTRAL,0.6676
そこのお前、日清CM見て新しい順にしただろ。,NEUTRAL,0.8167
日清に目付けられたwwwww,NEUTRAL,0.6153
CMになってて嬉しい｡☺️,POSITIVE,0.992
すごく印象に残っています❤自分が好きなYouTuberが歌ってみたしてて気に入った❤,POSITIVE,0.9919
キャベツが作画崩壊キャベツなんだな。,NEGATIVE,0.7501
日清のシーフードヌードル他のYouTubeのネタは知ってたけどこれだけは知らなかったわ😂,NEUTRAL,0.6536
日清コラボのおかげでユキちゃんの声がテレビで聞けて嬉しすぎる,POSITIVE,0.9943
あらゐけいいち？,NEUTRAL,0.9714
頭使わない日々をおくってそうな曲ゆきちゃんがリコーダーを吹いているのに、登校さえもできないという真っ直ぐなようで面白い。…,POSITIVE,0.8537
日清のコラボCM出てびっくり‼️,POSITIVE,0.9147
カップヌードルCMおめでとうございます急に上がってきてびっくりしました,POSITIVE,0.9256
tiktokの歌,NEUTRAL,0.9102
遅刻した事ないけどした時の気持ちはヤバい,NEGATIVE,0.9423
シーフードぅ！,POSITIVE,0.7284
産まれた時点で詰んでる同じ世界なのに特定の人には逆風が吹いている境遇によっては命を落とす人もいる耐えきれずに頭がおかしくなる,NEGATIVE,0.9946
日清デビューおめでとう！！！カップヌードル買ったるわ,POSITIVE,0.9855
Davie504がこの曲をベースで演奏し、同じビデオで別のアニメーションを作成しました....,NEUTRAL,0.9055
カップヌードルから,NEUTRAL,0.9456
下手くそでも商品になるギリギリを計算して作ってる曲だなMVが凄いだけで歌は大したことない,POSITIVE,0.9001
日清も流行に乗ってますねカップヌードルのcmコラボおめでとうございます🎉,POSITIVE,0.9773
メメ。,NEUTRAL,0.7253
CM見て「ここまで来たか…」と思いました。上から目線でごめんなさい,NEGATIVE,0.8927
みんなカプヌのCMでかまびすしいな？人の事言えた義理じゃないが。,NEUTRAL,0.4763
Yukopiさんも出世しましたね。UNDERTALEのアレンジが好きで良く聞いてました。作詞作曲を始めた時はちょっと離れてましたが、こうして有名人になっていて寂しさもありましたが、それでもチャンネル登録者数は昔のままで、懐かしさもありCMにも起用されとても嬉しいです。これからも頑張ってください！できれば、またUNDERTALEのアレンジも出して欲しいです。それで、アレンジの方も……いや、アレンジの方で有名になって欲しいです。,POSITIVE,0.9839
うぽつ,NEGATIVE,0.7955
日清も流石だなと思った今日このごろ,NEUTRAL,0.7726
cmに出てきてびびった,POSITIVE,0.5202
cmおめでとう(*´ω`*ﾉﾉ☆ﾊﾟﾁﾊﾟﾁ,POSITIVE,0.982
CMおめでとうございます！日清のyoutubeチャンネルは急上昇５位になっています,POSITIVE,0.9887
CMおめでとう,POSITIVE,0.9751
カップヌードルのcm誰かが適当に作ったのかと思ったらしっかり本家と本家だった。,NEUTRAL,0.8891
強風オールバックって外出た瞬間終わったわの曲がいいんだよね！❤,POSITIVE,0.9221
風が強すぎてついに日清まで飛んでくるようになったんだ、、、,NEUTRAL,0.7681
まさかカップヌードルのCMになるとはｗ,NEUTRAL,0.9458
これは、学校不登校児の心理をえぐった問題作、ですな。,NEUTRAL,0.7983
外でないから終わったわ就職できずに進めない視★線★強すぎてお亡くなり定期定期定期的にホームバック★,NEGATIVE,0.8973
意味わかんね、こんなんが3000万再生かよ,NEUTRAL,0.802
まさかあの日清とコラボするとは、、すごすぎだろ、、しかもあっち急上昇はいってるしまた伸びるわ,POSITIVE,0.9816
カップヌードル買っちゃったよ,POSITIVE,0.6405
カプヌのCM化㊗️。ここまで有名になるとは思わなかったから嬉しい,POSITIVE,0.9891
🍜,NEUTRAL,0.8316
外暑すぎてお亡くなり,NEGATIVE,0.9918
ついにcm化されるの草でもめっちゃ嬉しいなあ,POSITIVE,0.9926
やっぱ日本て凄いんだ、日本人なのに凄いと思う,POSITIVE,0.9773
1.25倍速で聞くと遅刻気味の登校になる,NEGATIVE,0.8527
う～たんから来ると物足りなさあるな,NEGATIVE,0.9841
流石日清さん流行を逃さない所強すぎる💪💭,POSITIVE,0.9136
日清のCMから来ました！中毒性やばすぎてめちゃくちゃヘビロテしてます！！,NEUTRAL,0.5386
風がほしい季節になったね,POSITIVE,0.548
伸びるのハヤスギイイイイイイィイイイイィィイイイ！！！！スゲエエェェェェェェエエエエエ！！！！！,POSITIVE,0.9085
どっかのアニメで見たことあるキャベツが出てきた,NEUTRAL,0.7047
なんだただの神曲か,POSITIVE,0.7852
日清に目をつけられるとは...,NEGATIVE,0.7123
某カプヌ会社の目には相変わらず狂いはない,NEUTRAL,0.5759
シンプルだがクセになる,NEUTRAL,0.7001
カップヌードルコラボ！？買ってくるぞー,POSITIVE,0.9524
学校で外出た瞬間終わったわのとこで中でた瞬間終わったわって替歌した,NEUTRAL,0.8506
何回でも聴いてしまう☺,NEGATIVE,0.6408
カップヌードルが初見でした耳に残る曲〜🥹,POSITIVE,0.8821
日清「合格」,POSITIVE,0.6293
夏バージョン可愛かった🥰🥰,POSITIVE,0.9844
カップヌードルCMおめでとう🎉,POSITIVE,0.9681
CMとして使われるの凄過ぎる👏,POSITIVE,0.843
日清ってほんとすごいな。サーチ力高すぎる,POSITIVE,0.9629
コラボおめでとうございます,POSITIVE,0.9777
まさかのCM抜擢,POSITIVE,0.641
祝🎉cmおめでとう！,POSITIVE,0.9908
CMでいきなり流れて笑ったわ,POSITIVE,0.9369
日清のセンスに脱帽,POSITIVE,0.9244
CMおめでとうございます🎉,POSITIVE,0.9734
女の子が同じところで足踏みしてるのって風強すぎて進めないからか……。,NEGATIVE,0.961
また再生数伸びるね(CM効果はすごい),POSITIVE,0.9783
CM採用すごい,POSITIVE,0.9059
見た！驚いた!日清やること早い。,POSITIVE,0.8364
ラーメン美味しかった？,NEUTRAL,0.6466
日清のセンスどーなってるん？,NEUTRAL,0.9095
日清のCM見て原曲聞きたくなって来た同士おる？,NEUTRAL,0.7558
おいそのキャベツの様な球体はまさか・・・,NEUTRAL,0.7726
日清カップヌードルのCMで知りました。かわいい♪,POSITIVE,0.9923
そりゃカプヌのCMになってたらこっち来ちゃうよなぁ！？,NEUTRAL,0.6543
キャベツ検定は、不合格だよね,NEUTRAL,0.5387
音が気持ちいい,POSITIVE,0.9909
君たちはどう生きるか,NEUTRAL,0.8275
相変わらず日清食品さんはとがってるなぁCM採用おめでとうございます！,POSITIVE,0.9426
こういうのでいいんだよ,POSITIVE,0.7965
夏暑すぎて終わったわカプヌうまいのに売れてないシーフードだけでも食べて欲しいまさかのテレビCM用驚きましたwコラボ嬉しいです、作曲ありがとうございます！,POSITIVE,0.9892
そっとでた瞬間クソ暑い天気が良いからクソ暑い陽が強過ぎてクソ暑い致命致命的にクソ暑い,NEGATIVE,0.9838
カプヌとコラボしたCM出た瞬間先輩とビックリして叫んだわ,NEUTRAL,0.6328
CM観て来ました！辛いのとシーフード買います…！,NEUTRAL,0.5497
このリコーダーの音外したような絶妙なリアル感が無気力を感じさせて良い,POSITIVE,0.9735
家出てオールバックになるたびにこの曲頭の中で流してます〜〜🎧,POSITIVE,0.6286
cmに使うの許可得たんやな,NEUTRAL,0.7746
なんか口ずさみたくなるメロディなんよな,NEUTRAL,0.7574
カップヌードルシーフードそんなに売れてないのか？旨いのに,NEGATIVE,0.5009
CMおめでとうございます！,POSITIVE,0.9919
コルピクラーニのViinamäenmiesみたい,NEUTRAL,0.7941
カスタネット叩いてるカラスとトライアングルつついてるハトが可愛すぎるのよ,POSITIVE,0.9837
クセのあるCM出す日清がオールバックを起用するなんて、、改めてこの曲のクセの強さが常軌を逸していることが分かります。,NEUTRAL,0.6179
日清とのコラボおめでとう🎉そっちのフルバージョンも聞きたいｗ,POSITIVE,0.9754
夏暑すぎて終わったわ,NEGATIVE,0.8428
なんか今日これ聴きたくなって(人生2回目)昼間見に来たけど、たまたま日清でcmやってるとか偶然すぎる,NEUTRAL,0.5224
シーフードカップヌードルのCMおめでとうございます!,POSITIVE,0.9889
カプヌうまいのに売れてない……,NEGATIVE,0.994
日清のcmみましたよくわかりませんが明日はシフヌ食べます,NEUTRAL,0.708
カップヌードルコラボおめでとうございます👏,POSITIVE,0.9703
まさかのカップヌードルに出るとは…,NEUTRAL,0.5615
寿司にされてシーフードにされるとかもう偶然の域超えとるやろ歌愛ユキ,NEUTRAL,0.6459
カプヌから来たぜ。,POSITIVE,0.8456
まさかの日清のCMにでてきて久々にみにきた笑,POSITIVE,0.5214
まさかシーフードのカップラーメンのcmになるとは、世の中何がおきるか分からないものだ。,NEUTRAL,0.779
今年の夏シーフードのパロディに選ばれましたね。これによって更に強風オールバックの知名度が上がりそう(笑),POSITIVE,0.9487
日清公式にコメントできなくて終わったわまっさか過ぎて笑ったわ,POSITIVE,0.7063
カップヌードルの夏制服かわいい,POSITIVE,0.9888
㊗️日清への進出！相変わらず、日清の目の付け所ってクセ強いんだよなぁ,NEUTRAL,0.759
CMデビューおめでとうございます！🎉✨😆✨🎊,POSITIVE,0.99
強風オールバックといい、そろ谷といい、日清さんとは気が合いそうです。,POSITIVE,0.8791
日清CMから,NEUTRAL,0.9411
ほんとに日清のCM作ってる人毎回センスすごすぎ,POSITIVE,0.9434
なにここ？みんだ友達みたいじゃん！仲間いれて!,POSITIVE,0.9685
ついに日清にも来やがったな,NEUTRAL,0.7779
日清CMから気になって見つけたわまんまと日清の作戦にハマって終わったわ,POSITIVE,0.8778
CMに出ててびびった,NEUTRAL,0.715
つっまんねえ曲だななんだこれ,POSITIVE,0.4308
まさかカップヌードルのCMで見るとは思わなかったです👍。,NEUTRAL,0.9027
カップヌードル進出おめでとうございます🍜🎉,POSITIVE,0.976
水ダウcmから,NEUTRAL,0.9469
cm見ました,NEUTRAL,0.9527
カプヌのCMになるとは最初よくできたパロディかと…www,NEUTRAL,0.5365
かっぷらーめんからきた,NEUTRAL,0.9253
カップヌードルのCMびびった,NEUTRAL,0.9019
カップヌードルのcmからきました,NEUTRAL,0.8917
カップヌードルビビった,NEUTRAL,0.9145
カップヌードルマジ腰抜けた,NEUTRAL,0.5411
💥,NEUTRAL,0.8316
わざわざ水差すようだけどあえて言いたいなんで「○○(某音ゲー等)実装おめでとう！」とか「○○(某動画サイト)から来ました！」は叩かれて「日清タイアップおめでとう！」とか「日清のCMから来ました！」は比較的歓迎されるんだい？どっちもおめでとう、いらっしゃいでいいじゃないか,POSITIVE,0.7572
日清CMの「真っ二つにされるイカ」を見てこちらに来てみたら元ネタが「例のキャベツ」でまた笑ってしまったw,POSITIVE,0.8197
日清よくやった！,POSITIVE,0.9597
シーフード！！,NEUTRAL,0.881
日清から来た人多くて嬉しい,POSITIVE,0.9926
コラボしたのか…！？俺以外の日清と…,NEUTRAL,0.9443
㊗️日清コラボ,POSITIVE,0.8274
シーフードから来た人✋,NEUTRAL,0.8647
日清の夏暑すぎて終わったわｼｰﾌｰﾄﾞｯ!から来た者ですめっちゃ強風オールバック🔄日清暑すぎオールバックこれ毎回繰り返し聞きまくってる,NEUTRAL,0.8113
日清から来た人🤚,NEUTRAL,0.8863
カップヌードルから,NEUTRAL,0.9456
日清のcm見て来てた！さすが日清目の付け所が違う,POSITIVE,0.9002
カップヌードルCMと比べるとじわじわきて好きです。CMになってる！！切ってるのがキャベツじゃ無い！！って思いました,POSITIVE,0.9519
何かと思ったら作画崩壊キャベツか、切っているの。,NEGATIVE,0.8031
お亡くなり😂😮😮😮😂どうしてお亡くなりなんだよ。😂😂,NEGATIVE,0.9876
バズってからCM起用までの短さに闇感じるの勘繰りすぎ？てかもしかして言うて短くない？,NEGATIVE,0.8647
まさかカップヌードルのCMに起用されるとは,NEUTRAL,0.8874
もうこの子も夏休みなのか、早いなぁ。みんな、シーフード🦑食べるんだぞ！,POSITIVE,0.9372
日清やりやがった,NEUTRAL,0.6696
小学生が公園で歌ってた,NEUTRAL,0.9028
日清に採用されてもなお、めげずに向かい風に立ち向かう精神に脱帽,POSITIVE,0.6898
カップヌードルから,NEUTRAL,0.9456
日清オールバックやん,NEUTRAL,0.863
日清のCM拝見しました。化石になっちまいそうなパロディのパロディあって笑いました,POSITIVE,0.9498
Howareyou,NEUTRAL,0.7361
カップヌードルのコマーシャルに！！小学生の我が子もスキップしながら歌って歩くし、やっぱり一度聴いたら耳から離れない、印象に残るって凄く大事なんだなって改めて思いました😂,POSITIVE,0.9792
日清から来ました笑笑,NEUTRAL,0.6524
日清のcmやるなんて……,NEGATIVE,0.8516
ここ数年の日清のCMの目の付け所が完全にオタクのそれだから、多分上層部にネットに詳しいオタクが居る。…ですよね？専務。,NEUTRAL,0.8876
日清のCM見て来ました。,NEUTRAL,0.9231
カップラーメン食べたくなるなぁ(シーフード),NEUTRAL,0.8942
コラボおめでとう🎉好きな曲だから嬉しい〜,POSITIVE,0.9936
オールバックいやなら坊主にすれば！ぶん殴りたい面構え！,POSITIVE,0.6974
日清とのコラボは想定してなかったwww,NEUTRAL,0.8126
この曲さらに流行ってほしい！,POSITIVE,0.9698
日清の公式採用ｷﾀ━━━━(ﾟ∀ﾟ)━━━━!!,POSITIVE,0.5076
コラボおめでとう🎉🎊,POSITIVE,0.9831
日清カップヌードルのコラボ見ました!!おめでとうございます!!,POSITIVE,0.9906
テレビ見てたらカップ麺のCMとコラボしてて草😂,POSITIVE,0.712
日清みて久々に帰ってきたら再生回数エグくなっててビビる,NEGATIVE,0.9715
ユキちゃーん！ゆこぴさーん！小津さーん！地上波デビューおめでとーーー！！！🎉🎉🎉,POSITIVE,0.9544
CM見てカツ丼吹きました,NEUTRAL,0.9457
カップヌードルCMおめ😊,NEUTRAL,0.8702
日清のCM、MADかと思ったら本家だったw,NEUTRAL,0.9063
フル的なヤーツが欲しい。,POSITIVE,0.8823
CMおめでとうございます🎉セーラー服ぎゃんかわでしたげへへ,POSITIVE,0.9687
CMおめでとうございます🎉リアルタイムでたまたま見て声出ました🦑めでたいなぁ🥳元気出ました,POSITIVE,0.9915
日清のcmがあった後すぐに日清公式とこれ見た!,POSITIVE,0.963
日清コラボマジおめでとう,POSITIVE,0.9835
今、日清のカップヌードルとのコラボcm見て驚いた！！,POSITIVE,0.9297
カップヌードルcm化おめでとう！！,POSITIVE,0.9862
日清コラボおめでとうございます！,POSITIVE,0.9907
有吉の壁のCMから来ました,NEUTRAL,0.8699
日清あったんだけも,NEUTRAL,0.9121
投稿日と再生数が見合ってないぐらい人気で凄い,POSITIVE,0.9838
強風オールバックCMにでててビビったwww,POSITIVE,0.4703
㊗️カップヌードルCM決定,POSITIVE,0.9425
日進のCMも見ました！,POSITIVE,0.9352
カップヌードルのcmになってもーた…,NEGATIVE,0.618
日清のCM採用おめでとうございます,POSITIVE,0.9792
おめでとうございます㊗️,POSITIVE,0.9816
↑これ以降「日清からきました」禁句な(´・ω・｀),NEGATIVE,0.9656
日清から,NEUTRAL,0.9251
日清のカプヌとコラボは凄すぎる、、、おめでとうございます！,POSITIVE,0.9932
この歌好きな人何人いるんだろう(?_?)？(予想聞いた人全員),NEUTRAL,0.8448
日清cm記念に。テレビで見れたらいいな,POSITIVE,0.972
日清からきました,NEUTRAL,0.9259
カップヌードルから。やっぱすげぇや,POSITIVE,0.8134
そういえば日清さんって、今は亡き輝夜月ちゃんともコラボしてたな…😂,POSITIVE,0.6136
カップヌードルとコラボしてて草,NEUTRAL,0.6273
日清と比べると日清verの方がテンポ速いのか,NEUTRAL,0.9558
おすすめでCM出てきてめっちゃびっくりしたwww,POSITIVE,0.9773
カップヌードルから来ました。,NEUTRAL,0.9568
日清コラボおめでとう㊗️,POSITIVE,0.9898
カップヌードルになってるじゃねぇかよ！おめでとうございます！！！,POSITIVE,0.9309
カプヌCMソング化おめでとうございます🎉🎊,POSITIVE,0.9716
カップヌードルシーフードでも買ってくるか。,POSITIVE,0.7612
この曲ハマりました,POSITIVE,0.9831
日清コラボやるやん,POSITIVE,0.9514
日清カップヌードル記念,NEUTRAL,0.7543
通りすがりのおばちゃん『やっぱりね…この子は上がってくると思ってたのよ！』,NEUTRAL,0.8672
カップヌードルから,NEUTRAL,0.9456
日清コラボすげぇw,POSITIVE,0.7858
日清に採用されて始まったわ！！！,POSITIVE,0.868
嘘！！カップヌードルのCMになるってマジ！？信じられん！！テレビに出るなんて！！,NEUTRAL,0.5153
大手から案件貰っちゃうの凄すぎる,POSITIVE,0.9702
日清から来ました,NEUTRAL,0.9483
日清のカップヌードルとのコラボCMを見て、早速本家を見に来たわ,POSITIVE,0.9506
日清のカップラーメンのcmにまで使われる凄さ,POSITIVE,0.6207
日清とコラボしてて草,POSITIVE,0.5829
日清のCMしててびびった,NEUTRAL,0.8115
なんでいきなりこれだけ爆発的にバズったんやろ,POSITIVE,0.4666
日清のカプヌのCMから舞い戻った,NEUTRAL,0.7022
まさか日清のCMでこの曲を聞く日が来るとは…おめです！,POSITIVE,0.8965
日清のCMにこれが出るとは…日清、分かってるじゃないか。,NEUTRAL,0.5971
ついにCMになったw,NEUTRAL,0.7884
カップヌードルのcmについにきたか！,POSITIVE,0.9301
日清...やりやがった(嬉),POSITIVE,0.9861
日清のチャンネルから飛んできたわおめでとう,POSITIVE,0.9763
まさか日清のCMになるとはね,NEUTRAL,0.7953
可愛い😂,POSITIVE,0.9875
日清の目の付け所相変わらず厳つくて好き,POSITIVE,0.9887
日清コラボの方コメント出来ないからこっちにきた人b,NEUTRAL,0.8032
1:11あの伝説の『作画崩壊キャベツ』を取り入れてるあたり、抜かりないなと思いました😂,POSITIVE,0.9379
夏暑すぎて終わったわカプヌ美味いのに売れてないシーフードだけでも食べて欲しい夏は食っとけシーフード！いいぞ、もっとやれ,POSITIVE,0.9517
この意味のわからない歌がバズっている理由を教えてください,NEGATIVE,0.6878
あれ？何故かシーフードヌードル食いたくなってきた。,NEUTRAL,0.5341
cmに抜擢される小学生、ここに現る,POSITIVE,0.6669
カップヌードルとコラボしてて凄すぎ,POSITIVE,0.9768
日清のやつ公式で笑った,POSITIVE,0.7212
コラボおめでとうございます(*´ω`*ﾉﾉ☆ﾊﾟﾁﾊﾟﾁ,POSITIVE,0.9829
まさか伝説のキャベツをここで見ることになるとは…,NEUTRAL,0.8886
おめでとう,POSITIVE,0.9252
日清とのコラボおめでとうございます！つか、マジで驚いたw,POSITIVE,0.9747
日清コラボおめでとうございます！,POSITIVE,0.9907
日清コラボ記念！,POSITIVE,0.9706
！,NEUTRAL,0.8592
風強すぎてもリコーダー。とんでもねえ肺活量だ。,POSITIVE,0.7609
日清コラボおめでとうございます!,POSITIVE,0.9907
カップヌードルとコラボおめでとうございます👏👏,POSITIVE,0.9582
朝ニュース見てたら途中カップ麺CMが強風オールバックの替え歌になってて思わず2度見した,NEUTRAL,0.8551
シーフードヌードルCMへの起用おめでとうございます👏,POSITIVE,0.9586
これ本家ですね?,NEUTRAL,0.9747
ｼｰﾌｰﾄﾞｩ！,NEUTRAL,0.8226
ちょっと目を離した隙に日清カップヌードルとのコラボCM上がってるし本家の再生数3000万回越えしててもう意味わからんとにかくおめでとうございます👏,POSITIVE,0.9392
この曲が日清の目にとまってあんなことに,NEUTRAL,0.6871
日清...だと！？,NEUTRAL,0.9445
カプヌで使われててすご,NEUTRAL,0.9132
ユキちゃんからは向かい風でも動画は追い風,NEUTRAL,0.8884
カラオケで歌いました🎤,POSITIVE,0.6244
は？,NEUTRAL,0.9006
まさかのシーフードカップヌードル（＾ω＾）,POSITIVE,0.7712
日清と相性ピッタリの曲だな,POSITIVE,0.9322
夏暑すぎて終わったわ,NEGATIVE,0.8428
なにがいいのか本当わからない,NEGATIVE,0.9659
日清のCMの概要欄のᔦ.ˬ.ᔨ悲しくて好き,POSITIVE,0.7548
もうすぐ地上波かぁ,NEUTRAL,0.8604
カップヌードルコラボおめでとうwwwwww,POSITIVE,0.985
伝説のキャベツやん,NEUTRAL,0.8643
日清に認められてもう一回聞きに来たやついるだろうな,NEUTRAL,0.7411
夏暑すぎて♪終わったわ♫,NEUTRAL,0.4951
一気に大手ボカロPに向かって登り始めたゆこぴ氏,POSITIVE,0.7887
まさかのCMデビューしててテレビでびっくらこいた,POSITIVE,0.8262
シーフードヌードルのコラボCM見ました！良いCMだったけど、コメントできず、こっちきました(笑),NEUTRAL,0.7145
シーフードヌードルとまさかのコラボにびっくり,POSITIVE,0.8718
日清様が広告にしてて草,NEUTRAL,0.8516
日清もあんたもすげえよ,NEGATIVE,0.5256
日清とコラボしてて草生える,POSITIVE,0.7518
今初めて聞いた。ごちゃごちゃしてなくて良い。シンプルこそ至高。まるでpvの小学生が考えてそうな単純で分かりやすい歌詞に楽器がギター、ベース等ではなく小学生がよく使うリコーダー等なのも面白可愛くて良いまさにこういうのでいいんだよってやつ,POSITIVE,0.9875
シーフードヌードルのCMになりましたね、おめでとうございます。,POSITIVE,0.9807
日清がふざけだしたので戻ってきてしまった･･･,NEUTRAL,0.615
カップヌードルとコラボしてて草,NEUTRAL,0.6273
CMに起用されてて笑った,POSITIVE,0.9657
これが日清のシーフードヌードルのcmになるなんて誰が想像しただろうか,NEUTRAL,0.9157
ついに日清のCMに起用されるとは……,NEUTRAL,0.7882
おも、、、ろい,NEGATIVE,0.7811
案件おめでとうございます😢💛💛,POSITIVE,0.971
この子シーフードヌードル好きそう,POSITIVE,0.9191
まるまるCM起用された曲はボカロ界で初なのでは,NEUTRAL,0.7283
まさかの,NEUTRAL,0.8812
某作画キャベツ好き,POSITIVE,0.9322
カップヌードルから来た人挙手,NEUTRAL,0.7436
日清コラボすごすぎだろ,POSITIVE,0.9672
14年の時を経てユキちゃんが地上波でしっかり採用されるのが嬉しすぎる😂🎉大好き！,POSITIVE,0.9943
まさかカップヌードルのcmになるとは思わなかったw,NEUTRAL,0.9251
朗報日清コラボ,POSITIVE,0.8487
日清と頃模しててワロタ,NEUTRAL,0.8243
キャベツはやめろw,NEGATIVE,0.5936
大手案件おめでとうございます。日清さん相変わらずチャレンジ精神旺盛で草。自虐しつつ上手くアレンジしててフル版も観たくなりました。いつか観れると良いなぁ…。追記:30秒版は原作感更にアップしてて良き。イカ君の献身が身を結びますように…,POSITIVE,0.9698
なんかシーフードヌードル食いたくなってきたんだが…,NEUTRAL,0.6627
カスタネットカラスとオールバックイッヌが好き,POSITIVE,0.975
日清やると思ったわぁ,POSITIVE,0.5624
さすが日清w,NEUTRAL,0.8999
何気にユキちゃん初のコラボでは⁉︎,NEUTRAL,0.8304
夏！！シー！フー！ドオオオオト！！！！！！,POSITIVE,0.6221
カップヌードルシーフード味とのコラボCMが出たと聞いて朝からボカロ聞けて最高ですわ！ww,POSITIVE,0.9937
カップラーメンシーフードのコラボコマーシャルおめでとう！！,POSITIVE,0.9839
日清の企画会議で強風オールバックが流れたのを想像するとシュール企画した社員さん最高ｗ,POSITIVE,0.9831
カップヌードルコラボおめ,POSITIVE,0.535
シーフード！！,NEUTRAL,0.881
カプヌのCMから来ました🙋‍♀️,POSITIVE,0.5523
シーフードCMおめでとうございますww,POSITIVE,0.9855
クソかっこいいベースラインと絶妙に下手くそなリコーダーがたまらん,POSITIVE,0.5705
カップヌードルから来た,NEUTRAL,0.9311
日清のスピード感に脱帽,POSITIVE,0.8397
ついにカップヌードルまでwww,NEUTRAL,0.6764
ユキちゃんなのか！,NEUTRAL,0.8924
辛口シーフードカプヌCM観ました！！流石……！！(*´▽｀*),POSITIVE,0.9677
カップヌードルありがとう,POSITIVE,0.9721
カップヌードルのCMに強風オールバックが起用された件。,NEUTRAL,0.6246
まさかカプヌのCMになるとは…ボカロが世に認められて来てるのめっちゃ嬉しい,POSITIVE,0.9921
カップ○ードルのCM流れてきてびっくりしたwボカロ興味ない親が可愛いって言ってた,POSITIVE,0.7698
まだ、Youtubeにアップされていないcm、、、まさか、cmに出てくるとは思わなくて、朝飯吹いたw,NEUTRAL,0.5915
cmおめでとうございます,POSITIVE,0.947
塾遅刻して遅刻して終わったわ信号🔴赤で進めないなっぜ寸前でドアしまる？（電車のドア）↑の時点でもう遅刻あ～～～～～ーー熟遅刻して終わったたわしんごうあかですすめないなっぜ寸前でドア閉まるあーーー絶対に怒られ😢…飛ばして↓着いたと思い時計見たら10分遅れ、おわあーてたあ～～～～熟遅刻しておわったわ信号🔴赤で進めないなっぜ寸前でドア閉まるあ～～～～～ーーーーよーし言い訳わなににしよう？,NEGATIVE,0.9916
面白ーい,POSITIVE,0.9843
リコーダーふけるようになりました(^^)！,POSITIVE,0.9718
これは定期定期的に聞きたくなーる,POSITIVE,0.8118
風にふきとばされるのなんでやね,NEGATIVE,0.9062
強風注意報が出てる時に聞きたくなる曲No.1,POSITIVE,0.6089
ストーカーの唄の女の子みたいだなこの子。,NEUTRAL,0.8543
やさいですとれすはくな😂,POSITIVE,0.8475
リコーダーふくのへたすぎん😂,NEUTRAL,0.5306
なんかいおなくなりゆうねん😂,NEGATIVE,0.9317
こえがらがらすぎん😂,NEGATIVE,0.9937
ひとおおすぎてくさ😂,NEGATIVE,0.5013
はとはとどうゅうこと😂,NEUTRAL,0.9103
なんでじめんにもぐりたいねん😂,NEGATIVE,0.9751
なくなんないよ😂,NEGATIVE,0.9269
そとでてかってにおわんな😂,POSITIVE,0.4586
何？この独特な歌詞とメロディー！そして映像!!昨日初めて見てはまってしまった😆ハトの大乱闘に笑笑🤣天才現る。,POSITIVE,0.9368
2023年でも見てる人🙋,NEUTRAL,0.8316
髪型が崩れるって幸せなことなんやで…,POSITIVE,0.8973
流行り過ぎてからハマって聴きに来た,POSITIVE,0.8969
鳩の大乱闘って…見たことある…?,NEUTRAL,0.878
何度も見たくなるMV,POSITIVE,0.8031
これ……ブラック企業で働く人達を示唆してるんじゃあないか……例えば……少女はブラック企業で働く社員で風は上司の威圧で歌詞の「お亡くなり」とは過労4のことを指しており。また「天気は良いのに進めない」という歌詞これは…天気は気分のことを意味しておりそして進めないとは強風で進めないのではなく…自分の意思で進むことができないすなわち「気分はいいけど、やっぱり行きたくないな……」という意味だと思える……また「ハトハトハトハト大乱闘」の荒れている鳩の大群は満員電車に乗っている人達を指しており。そして曲に出てくる少女はランドセルとリコーダーという小学生の様な姿なのは過酷な労働環境で幼い頃を懐かしむ社員達を指しているんだと思う……多分………,NEUTRAL,0.6104
コメ開いたら無遅刻無勤コメは笑うて,NEUTRAL,0.5461
3500万回再生おめでと！🎉,POSITIVE,0.9585
風強すぎるのは確かに良くないね。,NEGATIVE,0.9879
この犬のぬいぐるみのプライズあったら1万までなら粘る自信あるてかグッズ作って下さい,POSITIVE,0.8198
超超超いい,POSITIVE,0.9933
ウチの娘が強風の日、某スプレーが仕事せんっておこ。車降りたとたんに『あ、前髪死んだ』っていう。お陰で前髪がスプレー剤でベトベトよw,NEGATIVE,0.7534
高校時代海辺の丘にあった私の高校。チャリで永遠続く上り坂。海からの向かい風で何回遅刻したことか。向かい風に負けました。ってHR途中で入っていくと先生も途中から向かい風かー？って理解しだした(諦められた),NEUTRAL,0.5366
この曲前に聞いたことあると思ったら前の強風オールバックを有名な人々に歌ってみたなど出され今流行ってるらしい😅(友達に聞きました),POSITIVE,0.619
凄い良い曲🎉,POSITIVE,0.9912
みんな再生数伸ばしてーーーーーーーーーー😢,POSITIVE,0.9359
あたかいのに,NEGATIVE,0.9685
松丸亮吾さんの謎解きの動画から来ました。,POSITIVE,0.7276
ほーみーずさんのもあるよ,NEUTRAL,0.9046
君は完璧で究極の強風オール,POSITIVE,0.9435
君は完璧で究極の強風オールバック,POSITIVE,0.9601
曲の中毒性はもちろん鳥たちが可愛すぎて定期的に見に来てしまう,POSITIVE,0.9719
300000000回数世界一🎉😢🎉,NEUTRAL,0.6303
Original最強最高RecordContrastGOLD目指せ！,POSITIVE,0.9876
強襲スキンヘッドから来た人✋🏻,NEUTRAL,0.6148
やりとりによるからオラハロはらこ，かはにのをあわ世を中からのんか逆らえふよ。まあ^_^やわかぬ😢山本😂の！いえのたらはの日はお祭り囃子が下モラさん連れてあ」、に、む「ねをねめ癒着しますんで！,POSITIVE,0.9005
助けてくれもう。1日中これが頭から離れなくて終わったわ。あ。,NEGATIVE,0.9757
7年間無遅刻無勤だったのに風遁快晴爆風くらって職場に「向かい風凄くて自転車が進みません」って電話したら上司に「車にしがみつけ」って言われた私の気持ち5人くらいには知ってほしい,NEGATIVE,0.9686
稼いだ瞬間終わったわ（住民税）景気悪いのに搾り取り金なさ過ぎてお亡くなり。天天天引きで納税fu○k,NEGATIVE,0.9465
みんなどんどん再生数を増やそう！😊,POSITIVE,0.9384
きゅうくらりん越した！！！,POSITIVE,0.9291
この曲のリズム好き,POSITIVE,0.9857
俺の場合[定期的的にゲーム中毒],NEGATIVE,0.6805
絵柄が可愛すぎて曲が入ってこない😂,POSITIVE,0.9265
ランキングに載らない神曲,POSITIVE,0.948
トトロのオープニング映像みたいで可愛い&懐かしい,POSITIVE,0.992
リコーダーでスキップしてるのかわいい😊,POSITIVE,0.9843
せんぷーきをつかってかたて、かぜのいめーじをしました,NEUTRAL,0.5246
面白い！,POSITIVE,0.9827
サビ入るとこの、あーー画作崩壊してて好き！,POSITIVE,0.9903
リコーダーかわいい,POSITIVE,0.9878
チャリ通してるんだけど、毎日オールバックや！私のための曲やと思ってる！,POSITIVE,0.9682
🤣😂😂😂😂😂😂😂😂😂😂😂😂😂😂😂⛵️🤩🤩👍👍👍👍👍👍👍👍👍👍😹😹😹😹😹😹😹😹😹😹😹😹🙀🙀🙀🙀🙀🙀🙀🙀🙀🙀🙀🙀🙀🙀🙀🙀🙀🙀🙀,POSITIVE,0.5765
リコーダーのこのしょうもなさがいいのよ,POSITIVE,0.9738
？？？「なんか、外出た瞬間終わったんですよね、あのー、天気はいいのに進めないんですよ。風が強すぎて、あの、僕ぅ、お亡くなりになられたんですよね。」,NEGATIVE,0.9908
ここまで最強な曲になるとは思わんかったな100万再生行って凄い！ってなるぐらいだと思ってたのに,POSITIVE,0.5276
キャベツはあの有名な作画崩壊のシーンですかね😂かわいい,POSITIVE,0.9885
ナニコレ,NEUTRAL,0.9379
出来るならやりたい、あ、登録しました！,POSITIVE,0.9878
このキャベツの作画…,NEUTRAL,0.909
ナッパから本家見に来ましたそこまでお亡くなり要素なかったですね,NEGATIVE,0.6333
,NEUTRAL,0.9457
1回以上は聞いてる人,NEUTRAL,0.9133
恐怖ウールバッグ私大好きいつもピアノ練習してる笑,NEUTRAL,0.751
唐突の丸キャベツは草,NEUTRAL,0.937
これ大好き,POSITIVE,0.994
苦労して作った髪型がオワオワリ,POSITIVE,0.9416
なにこれww超いいw,POSITIVE,0.9843
梅雨は『暴風大雨オールバック』だよ。,NEUTRAL,0.6001
まじ、風強すぎて前髪オールバックだわwまじ終わる,NEGATIVE,0.5296
これスクラッチで再現した,NEUTRAL,0.8891
こうゆうものもいいのじゃない外出た瞬間終わった天気はいいのに動けない汗かきすぎてお亡くなり定期定期的に地獄バック,NEGATIVE,0.9943
ボ～っと聞いてただけなのに、冒頭の歌詞の脳内浸透率の高いコト高いコト…気づけばソコだけ口ずさんでるし、定期的に聞きに来てる自分がいる。,NEUTRAL,0.7355
バックが黄色だと落ち着くのなんでだろう…,NEUTRAL,0.6895
お借りします,NEUTRAL,0.8332
職場の工場入った瞬間終わったわ(41.5度)って思いました。,NEGATIVE,0.6716
外出た瞬間終わったわ天気はいいのに暑すぎる温度やばくてお亡くなりteikitekitekinに引きこもろう,NEGATIVE,0.7986
なんかすごい中毒性があるわ,NEGATIVE,0.764
こんなに心掴まれて共感できる歌詞なのに「ただ風が強くて萎えるだけの歌」って評価されてるの泣ける,NEGATIVE,0.9448
歌ハマります❤️毎日聴いてる🎵,POSITIVE,0.942
外出た瞬間ohwhatawar,POSITIVE,0.5803
なんでこんなのが流行ったんだ？,NEUTRAL,0.9131
みんなどんどん聞きまくれ！！！！！！,POSITIVE,0.9501
ハトの大乱闘で吹いたw🐦,NEUTRAL,0.6778
徹底的にオールバック＼(^o^)／,POSITIVE,0.7862
この曲のRemixとかbootleg聴きまくってる,POSITIVE,0.7929
無表情な顔ですが、私にとってはその顔がとても可愛くてキャラクターの容姿に合っていました。,POSITIVE,0.9626
今年の大ヒットソングは、アイドルとこれで決まりだな。,POSITIVE,0.951
目指せ100000000回再生,POSITIVE,0.9321
ボカロ曲特有の「強い」詞は健在ですね。,POSITIVE,0.9337
リコーダー買お,POSITIVE,0.7609
一曲聴き終わる頃にはリコーダーの音を欲する自分がいる,POSITIVE,0.8191
リコーダーの音外した感じがもうなんてゆうかたまらなくいい。,POSITIVE,0.8852
とても良い音楽でした、ありがとう,POSITIVE,0.9917
1:11,NEUTRAL,0.9162
完全版が欲しいです！,POSITIVE,0.8691
使わせて頂きます,NEUTRAL,0.8444
何故か全てあなたの所偽です思い出した,NEGATIVE,0.8347
三種類の楽器だけでこれできるのすごすぎ笑笑,POSITIVE,0.9711
なぜこういうのが流行るのだろうか,NEUTRAL,0.8337
ガク🤯,NEUTRAL,0.6532
はとはとはとはと,NEUTRAL,0.9275
久々にボカロ？の曲聴いたけどやっぱり人間のがいいな何言ってるのか相変わらずわからんし抑揚もないし一生好きにはなれん,NEGATIVE,0.915
ハハハハ爆笑,POSITIVE,0.9825
これなんで流行ってるの？笑,NEUTRAL,0.9392
これがミニマムの恐ろしさか…,NEGATIVE,0.7599
0:03-1:50Ankhazonedancing0:57(^q^)あー1:12作画崩壊したキャベツ1:19ヴィエ1:25きゅうくらりん1:54トトロop1:57異色演奏者,NEUTRAL,0.7354
あずまんがとかよつばどを思い出すどこか懐かしさあるキャラだな〜,POSITIVE,0.6282
かわいい歌,POSITIVE,0.9285
:D,NEUTRAL,0.5857
洗脳されてしまった・・・どうしよう,NEGATIVE,0.9731
FAから日本人がロリコンであることがわかる,NEUTRAL,0.9252
この2分ちょいの曲から得られた情報が「風が強い」しかないのにこの満足感,POSITIVE,0.8541
1:11ここ完全に某アニメ再現してて好き,POSITIVE,0.9923
ほんと、音楽ってかたち無限大なんだな😮,NEUTRAL,0.5925
黒歴史キャベツが突然出てきてw,NEUTRAL,0.8845
すみません。アイデンティティから来ました！,POSITIVE,0.7422
仕事中ずーと頭で流れてる,NEGATIVE,0.5259
リコーダーの箇所が「超サイヤ人だ孫悟空」の悟飯の口笛にしか聞こえなくなったわ,NEGATIVE,0.8194
「って」ってところの間？がめちゃ好き‼,POSITIVE,0.9327
学校で流行ってるW,NEUTRAL,0.9306
そろそろ時期的に熱中症のシーズンですねえ…定期定期的にホワイトアウトしていますです、はいorz,NEGATIVE,0.9279
投稿された日ぐらいに強風で傘折れた,NEGATIVE,0.9877
クソ適当キャベツオッスオッス,NEGATIVE,0.9248
…,NEGATIVE,0.9412
きのうライブダムのおすすめ（？）にあって、全然知らない歌だったけれど適当に歌ったら、「表現力」のみ平均点以上だった（笑）,POSITIVE,0.6789
リコーダー直刺しw,NEUTRAL,0.8991
こんなリズミカルなボカロなのにこの敢えての平成感ある画風が最高にすこ,POSITIVE,0.9871
何かのSNSで流れてて、「これ聞いたことあるな、タイトルなんだっけ？」って思って、頑張って歌詞を聞き取って、ここに辿り着きました😂！ほんと中毒性ある！しばらく、ふとした時に頭に流れそう😂🥳笑🎷🎸🎹🎺🎻🥁🪕,POSITIVE,0.8781
この曲リズム良くて好き！,POSITIVE,0.9938
0:14,NEUTRAL,0.8943
ハト4匹大乱闘は凄い,POSITIVE,0.896
流行りに遅れて来ました初めてみた,NEUTRAL,0.9259
4億6900万回切られたキャベツ,NEGATIVE,0.5842
もう神しか言えない,NEUTRAL,0.3899
キャベツ検定で草,NEUTRAL,0.9278
風が強すぎてだんだん後ろに下がるレベルで強いなら外出るなって話w(あっこれ言っちゃダメかな💦),NEUTRAL,0.5363
なぜこの曲はこんなにキャッチーなのでしょうか?!😭,NEUTRAL,0.7614
音聞こえました🎶,NEUTRAL,0.7114
音が聞こえ無い何故？,NEGATIVE,0.534
カラスのカスタネットつい見てしまう🐦‍⬛,NEUTRAL,0.7251
外出た瞬間終わったわ(ガチ)天気がいいから進めない(35度)日差し強すぎて、お亡くなり(熱中症)定期定期的に、オールバック(土に帰る),NEGATIVE,0.9233
本家の安定感すげー,POSITIVE,0.948
0:53,NEUTRAL,0.8542
圧倒的な中毒性。,NEGATIVE,0.9923
ハピャネウェイクアップ,NEUTRAL,0.8081
ソングンスタニットパルナヤを食べる2023',NEUTRAL,0.5785
歌愛ユキちゃんが歌っていたのか～悪ノシリーズで知りましたけど懐かしいな～それに可愛いし💕,POSITIVE,0.9548
これ僕の中学校ではやってる,NEUTRAL,0.9327
オモロ,NEUTRAL,0.9347
私の地域、現在この状況外に出ることすらできない豪雨,NEGATIVE,0.9882
🎉😅🎉,NEUTRAL,0.8316
ぴっとめのそん＝元ネタ曲のリコーダー部分を耳コピで無理矢理歌詞を作った結果です。,POSITIVE,0.5152
今年の３月に群馬に住んでいます。強風です。自転車に乗ってる時に、砂ぼこりが顔面に‼️歌詞の通り、なかなか前に進めない😰日常の事を歌詞って、初めて聞きました👂,NEUTRAL,0.7136
風強いの好き,POSITIVE,0.9772
裏拍とってるカスタネットカラス好きすぎるw,POSITIVE,0.9745
定期定期きいてます,NEUTRAL,0.9054
1:26ここきゅうくらりん,NEUTRAL,0.9264
世界一考察勢を困らせた世界一考察が簡単な曲,NEUTRAL,0.7024
カラスがカスタネットつついてるのが可愛すぎてそっちに目がいってしまう,POSITIVE,0.9796
映像も面白くてずっと見ちゃう。ウーパールーパー？すこ。,POSITIVE,0.9494
小学生の頃にこの曲があればリコーダーを真面目に練習したかも。音外すところも含めて。,NEUTRAL,0.8677
この曲マジで定期定期的に聴きたくなる,POSITIVE,0.9883
繋げて！！外出た瞬間,POSITIVE,0.8574
プロセカに応募しましょう！,POSITIVE,0.97
気のせいかな。女の子がポケモンSVのネモにしか見えん。,NEGATIVE,0.7098
3ヶ月で3300万回再生、、、、、、,NEUTRAL,0.6405
3333万再生,NEUTRAL,0.818
今再生数３３３３万3338で3ヶ月前に動画なんだけどwww,NEUTRAL,0.9112
3333万回再生きた,POSITIVE,0.5834
好きすぎてお亡くなり〜定期定期的にオールバック！「繋げて」,POSITIVE,0.9791
これでバトンやろ,POSITIVE,0.659
歌が面白すぎ！(^-^)(>_<),POSITIVE,0.991
今日はもう休もう！,POSITIVE,0.7325
もう今日は学校休もう！,POSITIVE,0.4985
横浜の風強すぎて終わったわ、,NEGATIVE,0.7661
のや❤に！🎉、おゆた,POSITIVE,0.9354
カラスタネットもハトライアングルもうまくて笑う,POSITIVE,0.9802
ぼ、ボールキャベツ…？！,NEUTRAL,0.9363
文字はみ出してるのとか素人がちゃんと作った感じでてるのすき,POSITIVE,0.9869
カオスな感じが凄く面白い。,POSITIVE,0.9676
これキャベツなの？最初メロンだと思ってた(笑),NEUTRAL,0.9641
1:11なんか既視感あると思ったら作画崩壊キャベツか,NEGATIVE,0.9735
サビサイコーすぎ！サビ好き同士いる？,POSITIVE,0.5317
いつもきいています。😂😊,NEGATIVE,0.738
キャベツの作画見つけた(多分キャベツじゃない),NEUTRAL,0.655
嫁は俺になんちゅうモンをすすめてくれたんや頭の中ずーっと流れてて仕事にならんやないか個人的には作画崩壊キャベツで大笑い嫁は存じてなかったが、、,NEUTRAL,0.4885
可愛い強風オールパーク可愛いです宜しくお願いします二回って回りたたいな、?!,POSITIVE,0.9235
ボカロ初期or中期くらいの((((オワタ＼(^o^)／))))って感じが好き,POSITIVE,0.9166
1日に26万回再生されてるよ、、、、,NEUTRAL,0.7993
今日初めて聞きましたが、独り言で天才かよって言ってしまった作品の一つ,NEUTRAL,0.7343
例のキャベツやん,NEUTRAL,0.883
すごい…過去一のぬるま湯ソングだ…,POSITIVE,0.8916
なんかこれ聴くとニッコニコになれますマツケンサンバのように無条件で人を元気にするいい曲,POSITIVE,0.9832
冬の群馬じゃん,NEUTRAL,0.9159
2分16秒の良曲,POSITIVE,0.982
おもしろい,POSITIVE,0.9557
アレンジしてる人見かけます😂😢😅,NEUTRAL,0.9121
キャベツ検定不合格,NEGATIVE,0.7903
1:11例のキャベツで笑った,NEUTRAL,0.5737
自分はこの曲は戦争の曲だと考察する例えば風は爆風、お亡くなりは爆風に巻き込まれて死ぬていう意味だと思う,NEUTRAL,0.85
平和な曲も久しぶりに聞きたいから聞いたけど平和過ぎてびっくりした(めちゃ褒め,POSITIVE,0.9792
からっ風と闘う群馬県民の歌,NEUTRAL,0.6135
"￥1,600いい曲",POSITIVE,0.8972
修学旅行二日目の自主見学風強すぎてぼうしえらい飛ぶわ、他の人のチケット飛ばされたからそれ追いかけていくわで災難w,NEGATIVE,0.8582
この感じ好きイワシ思い出した,NEUTRAL,0.496
宿泊体験のバスの中で歌いました,NEUTRAL,0.6242
歌って学校でなんか歌いたくなるよね、この気持ちわかる人いる？,POSITIVE,0.6297
めっちゃかわいいな〜,POSITIVE,0.9895
1:10お。おおおい！！！ここで！例の！キャベツを挟んでくるなんてマジでずるいぞ!!,NEGATIVE,0.4637
三ヶ月で3285万再生数！すごっ,POSITIVE,0.9709
語ってる感じが好き！,POSITIVE,0.9891
この曲好き❤️,POSITIVE,0.9859
めっちゃ面ろ！！！！,POSITIVE,0.9675
2024年も見てる人ー！,POSITIVE,0.7433
中毒性えぐいw,NEGATIVE,0.9669
名古屋は風ないからほしい,NEUTRAL,0.9097
歌詞が意味わからん,NEGATIVE,0.9658
インフェルノ,NEUTRAL,0.8127
❤❤❤❤❤❤❤❤❤❤❤❤,NEUTRAL,0.8316
キャベツはもう許してやれよｗｗｗ,POSITIVE,0.4768
PV、キャベツの作画ネタまで入ってたんだ笑,POSITIVE,0.5304
萎えたとき用に使う歌なんてあったのかw,NEUTRAL,0.9221
歌愛ユキの歌久し振りに観た,POSITIVE,0.7968
Spotifyないんや…,NEGATIVE,0.9329
頑張れ！億いくんだ！,POSITIVE,0.9668
最近、まじで日本発の音楽アツすぎんか,POSITIVE,0.6517
╰(*´︶`*)╯♡,POSITIVE,0.44
群馬県民はエブリデイ強風なので毎日オールバック,NEUTRAL,0.8052
1:42左場面に注目カカポかな？,NEUTRAL,0.8367
絶妙に短調な雰囲気すごい,NEUTRAL,0.8481
高評価70万いった,POSITIVE,0.9425
両サイドの2匹....ポメラニアン....ﾊｯ,NEUTRAL,0.8096
キャベツ片手で真っ二つに出来る小学生は居ないだろうな…(褒めてる),NEUTRAL,0.5243
